ts,open,high,low,close,volume
1759000000,2500.0,2504.825569,2464.250909,2481.464439,933.34
1759000300,2481.464439,2498.283262,2480.933656,2486.927855,1200.26
1759000600,2486.927855,2492.481692,2474.724069,2479.741029,1305.47
1759000900,2479.741029,2496.97646,2454.966416,2493.330727,993.53
1759001200,2493.330727,2503.685647,2491.671024,2501.377439,1463.23
1759001500,2501.377439,2533.421688,2498.37694,2522.829741,1085.67
1759001800,2522.829741,2543.694279,2505.758548,2533.445627,618.73
1759002100,2533.445627,2534.230006,2528.477696,2531.099049,846.07
1759002400,2531.099049,2546.460631,2508.839107,2511.319191,1074.01
1759002700,2511.319191,2531.053777,2509.882348,2525.063349,1269.85
1759003000,2525.063349,2530.06931,2517.798714,2521.737,883.04
1759003300,2521.737,2522.919639,2486.071097,2487.936195,927.55
1759003600,2487.936195,2490.711267,2463.31144,2476.064688,1007.65
1759003900,2476.064688,2480.458073,2466.784271,2467.300601,747.05
1759004200,2467.300601,2467.753466,2450.577495,2464.214548,1188.69
1759004500,2464.214548,2483.61175,2459.262056,2478.311026,772.12
1759004800,2478.311026,2484.830574,2472.612823,2481.713017,1399.88
1759005100,2481.713017,2503.138267,2477.596898,2488.930988,918.52
1759005400,2488.930988,2492.408758,2484.792783,2487.707376,592.17
1759005700,2487.707376,2493.473564,2459.604054,2469.243023,1380.63
1759006000,2469.243023,2510.239881,2463.542908,2494.855083,616.74
1759006300,2494.855083,2519.781039,2486.313931,2517.867338,1401.98
1759006600,2517.867338,2540.684385,2515.650597,2526.351265,853.77
1759006900,2526.351265,2530.301481,2515.941481,2526.775154,715.34
1759007200,2526.775154,2544.097794,2520.506526,2530.326329,1042.13
1759007500,2530.326329,2537.367831,2525.408182,2532.128587,1019.41
1759007800,2532.128587,2545.513541,2510.595594,2516.572063,966.58
1759008100,2516.572063,2522.493778,2496.470604,2505.723798,970.7
1759008400,2505.723798,2512.774398,2501.090143,2511.384673,976.8
1759008700,2511.384673,2523.045916,2505.134434,2521.659929,1134.48
1759009000,2521.659929,2528.164127,2511.53315,2518.636612,851.85
1759009300,2518.636612,2525.178491,2502.201603,2502.551477,1314.02
1759009600,2502.551477,2535.927495,2490.929498,2535.743229,923.71
1759009900,2535.743229,2547.066152,2531.426374,2533.330121,1057.39
1759010200,2533.330121,2539.17015,2519.345785,2525.09358,1357.34
1759010500,2525.09358,2531.380534,2518.594293,2521.414988,1190.87
1759010800,2521.414988,2525.059799,2504.342127,2509.822714,1149.82
1759011100,2509.822714,2533.901907,2501.293838,2529.724205,841.43
1759011400,2529.724205,2538.801517,2516.227794,2522.450999,1000.42
1759011700,2522.450999,2526.701277,2498.497762,2503.231669,815.22
1759012000,2503.231669,2505.082764,2476.410993,2492.269545,1072.15
1759012300,2492.269545,2497.997124,2484.516638,2493.624356,1122.29
1759012600,2493.624356,2498.636665,2478.148924,2483.327791,696.79
1759012900,2483.327791,2488.029077,2476.618503,2477.137791,1042.23
1759013200,2477.137791,2485.571316,2474.751734,2476.446091,937.0
1759013500,2476.446091,2481.808958,2453.397207,2457.290636,1290.16
1759013800,2457.290636,2457.485386,2444.641662,2445.072186,982.48
1759014100,2445.072186,2457.648704,2437.953513,2444.002313,1130.64
1759014400,2444.002313,2476.003777,2441.663643,2459.405928,992.77
1759014700,2459.405928,2473.735795,2445.553154,2458.320835,1097.15
1759015000,2458.320835,2477.359822,2420.738336,2435.503573,723.65
1759015300,2435.503573,2456.332509,2433.841651,2449.95019,767.3
1759015600,2449.95019,2465.843227,2440.265644,2457.718294,801.38
1759015900,2457.718294,2458.623283,2445.061548,2445.242823,1284.94
1759016200,2445.242823,2454.649128,2441.132355,2445.786812,885.44
1759016500,2445.786812,2458.048754,2444.910797,2455.221863,1173.92
1759016800,2455.221863,2456.225315,2444.898778,2446.22532,1305.64
1759017100,2446.22532,2448.799719,2435.890768,2443.557457,1137.21
1759017400,2443.557457,2446.076899,2419.855711,2433.739782,1208.64
1759017700,2433.739782,2439.415329,2405.497291,2413.16087,733.11
